class,desc,inc_num,short_des
P,"good afternoon,

this customer is being charged for delivery after purchasing the subscription.please can you see if it needs activating?

thank you in advance,

rebecca connolly

proactive notification team

",INC0809260,y2684992
R,please can you remove the delivery pass be removed from the attached staff accounts?thanks!,INC0808628,delivery pass needs removing on staff accounts orders supra dba req
O,please set (acustrss ) to 1 so account holder can receive statements,INC0807303,g7121564
R,please can the delivery pass be removed from the attached staff accounts?thanks!,INC0807253,delivery pass needs removing on staff accounts orders supra dba req
P,"customer: d4957244
website:jd williams, mainframe
issue: she ordered on  30th april and 5th mayand she is being charged for delivery even after she has the subscription.
order number: 4057783, 4368840()
contact number:  3620",INC0806836,customer being charged for delivery
P,"short description:tamara called in to report that the customer purchase the delivery subscription on the 1st of marchbut she is still charged for delivery every time instead of having a delivery subscription.
affected people: 01
",INC0805994,website/web shop issues
R,"hi

please can the delivery passes be removed from the following staff accounts, as there are not eligible for this product;

o6949554
a4242365
v7962326
d8992944

thanks
anita


anita coles

proactive notification team

 

reception: +44 (0)161236 8256

 








manchester
www.nbrown.co.uk

 

 

n brown is a top 10 uk clothing & footwear digital retailer.our key retail brands are jd williams,simply be, jacamo and ambrose wilson.

 

",INC0805875,delivery passes
R,"please can the delivery pass be removed from this staff account a4252126 - thanks!
",INC0803134,delivery pass needs removing on staff account - supra dba req
R,please can the delivery pass be removed from the attached staff accounts?thank you,INC0798911,delivery pass needs removing on staff accounts orders supra dba req
P,"issue: customer being charged for delivery even when the delivery subscription was bought on 7th july' 2019.the account is in mainframe.
customer number: p0653011
website: jd williams
",INC0793541,customer being charged for delivery
R,please can the delivery pass be removed from the attached staff accounts?thank you,INC0793103,delivery pass needs removing on orders supra dba req
P,"brian reported that one of  the customer took a delivery subscription on 31st march2019,butit's not applicable right now
please check as there is still time fro the subscription to be cancelled
subscribed date--31st march 2019
customer number--k6404790
website--jdwilliams
",INC0791461,delivery subscription not working
R,please can the annual delivery pass service be removed from customers account a0654679.thanks!,INC0791140,annual delivery pass cancelled.
R,please can the delivery pass be removed form the attached staff accounts?thanks!,INC0791135,delivery pass needs removing on staff account orders. supra dba req
P,"jenna called and reported that a mainframe based customer purchased a delivery subscription for 1 year but it still charging the delivery amount on the order..
customerno:y2506613
website: jdwilliams
amount :£9.95
delivery subscription purchase date: 20th dec
contactno: 3506
",INC0790422,delivery subscription not working for orders
O,agent jeffrey swift oxjxs no longer works for oxendales irelandplease remove staff privileges from his staff account e8042559 asap.,INC0790378,task0137680 -  remove staff privileges from his staff account e8042559
P,"short description: getting charged for delivery
fault: angela called in and reported an issue that customer has subscribed for free delivery subscription but still getting charged when customer places the order today.kindly assist. 
errormessage: na
affected people:  1
contact number (with country code): 3913
customer number:t1164235
website: fashion world
",INC0790128,getting charged for delivery
P,"delivery subscription is not working on mainframe based customer.customer already purchased the delivery subscription for 1 year but its not getting applied on the order.kindly assist
customerno:w6378674
website: jdwilliams
amount: £9.95 for one year
",INC0789893,delivery subscription is not working
P,"short description: issue with delivery subscriptions
fault:  latisha called in and reported an issue that customer purchased unlimited delivery subscriptions for 9 pounds 95 pence in february month but when customer is going to place the order it is charging customer for delivery subscriptions.kindly assist.
errormessage: na
affected people:  1
contact number (with country code): 3620
customer number:k2189258
website: jd williams
",INC0789809,issue with delivery subscription
R,please can the delivery pass be removed from the following staff accounts?  thank you,INC0789262,delivery pass needs removing on staff accounts supra dba req
P,"fault : shammi called in to report that a customer is being charged for the delivery even after purchasing the delivery subscription.kindly check on it. 
customer number :t8235416
purchase date :25th february
order number : 2070259, 2471346
itemno : yb144sg
contact : 3746",INC0788860,delivery subasciption issue.
R,please can the delivery pass be removed from the attached staff accounts?thank you,INC0787814,delivery pass needs removing on staff accounts orders supra dba req
P,"short description: delivery subscription purchased but was 3 pound 50 pens for standard delivery charge.she wants to get it activated.the account is in mainframe.
affected people: 01
contact number (with country code): +27-214800223
customer number: q0937294
website:simply be
verified email address (in case of password issue): kimmentha1412@hotmail.com",INC0787080,website/web shop issues
R,"please can the delivery pass be removed from this staff account please?
acc number z6279554",INC0786284,delivery pass needs removing on staff accounts orders supra dba req
P,hi the customer took the £9.95 delivery subscription out on 20th november 2019 but is still being charged delivey.  please advise.  thanks peter,INC0785823,x8426166 - delivery pass
P,the customer keeps being charged for delivery even though she took out the del sub on 07.07.2019.  please rectify.  thanks peter,INC0784605,s1905074 - delivery subscription
R,please can the delivery pass be removed from the attached staff accounts?thank you,INC0783884,delivery pass needs removing on staff accounts orders supra dba req
P,"sashnee  reported that a customer is getting charged for delivery after purchasing the delivery subscription.
customerno:y0297505
website: jdwilliams
amount : £9.95 for an year
purchase date:3rd nov, 2019
",INC0781648,customer getting charged for delivery after delivery subscription
P,"issue: customer purchased the delivery pass on 10th march 2019 but haven't received it till now.
item number:rv139
order number: 9658407
customer number:f1595396
contact number: 3521
website: jdwilliams
",INC0780929,haven't received the delivery pass
P,"i4505902
 
good afternoon,
i have a query from a customer regarding their delivery subscription as they are still being charged for delivery.please can you check as to whether it needs activating?

thank you in advance.

rebecca connolly

proactive notification team

",INC0779381,i4505902
R,please can the attached annual delivery pass be removed from the attached staff accounts?thank you!,INC0779242,delivery pass needs removing from staff account orders supra dba req.
P,"angela reported that the customer applied a delivery subscription to the order, but is still being charged for it.please assist.
orderno: 9456719
customerno: h2080698
website: simplybe 
contact: 3544",INC0776815,customer charged even after adding delivery subscription
P,"angela called in to report that one of the customer is getting charged for delivery despite taking the delivery subscription
please assist
subscription taken--995 pounds
customer number--l9609774
website--jdwilliams
contact number--3544",INC0775606,customer account issue
R,please can the delivery pass be removed from the attached staff accounts?thank you,INC0775066,delivery pass needs removing on staff accounts supra dba req
P,"fault : jean called in to report that a customer has bought delivery subscription but still being charged for delivery.kindly assist.
purchasing date : 28th july 2019
customer number :p9955249
order number : 1613277, 1022488, 9903921, 9418300, 8004821
browser :safari
device : ipad pro
contact : 3657",INC0774907,customer being chargd for delivery.
P,"fault:- nikitha called in and reported an issue that one of her customer has the free delivery subscriptions but whenever customer is placing the order it is charging customer for delivery.customer have tried in different browser but still same problem.kindly assist.
customer account number:- t3535222
",INC0774806,issue with delivery subscriptions
P,"
short description:lorraine called in to report that the customer bought a delivery pass 
-but still when customer placed an order he is been charged with the delivery charges 

order no.: 6674480

contact number: 3620

customer id r9383707

website simply be

date of purchase :13th sept 2019
date of charges flashing on her account  : 15th sept 2019
validity :14th sept 2020",INC0774488,customer charged even after the delivery pass
P,"fault : moegamat called in to report that a customers free delivery subscription is active still the customer is getting charged for delivery.kindly check on the account. 
customer number :j6231278
website :simply be
order number : 1168655
browser :google chrome
",INC0772295,free delivery subscription issue.
P,"issue: she is getting charged for posting even though paid yearly subscription for 999/-.
customer number: z3052559
website:simple be
ext: 3620",INC0772073,getting charged even after getting yearly subscription.
R,please can the delivery pass be removed form the attached staff accounts?thanks!,INC0772046,delivery pass needs removing on staff accounts orders supra dba req
P,"fault : david called in to report that a customer has bought delivery subscription but every time she orders something, it charges her for the delivery.kindly check o it. 
customer number :g1042075
date of buying :2nd  november 2019
date of expiry :1st november 2020
order number : 8496797
contact : 3506",INC0771803,delivery subscription issue
R,please can you remove the delivery pass from staff  account u7929670.,INC0770868,please remove delivery subscription
P,"issue: chris ritchie called in to report that customer had done a subscription on her account 12 months back and unsubscribed itbut still she is getting charged for every month i.e., 995 pounds
item number: rv139fn
customer number: g5159819
contact number: 3913
website: jdwilliams",INC0770697,customer is getting charged every month for unsubscription of services
P,"short description:  louise reported that a customers has purchased the delivery subscription of 9.95 pound but she is still getting charged for every delivery  of order she places.  
error message: na
affected people: 1
contact number:  3620
customer no- g4617317

website- marisota 
",INC0768878,getting charged for delivery
P,"jacqueline reported that the delivery subscription was added to the customer's account on 10th nov, 2019.but even after that the customer is being charged for the items purchased.please assist.
order :rv139dm
customer : v0335262
website: simplybe
contact: 3537",INC0768413,customer charged for delivery.
P,"ashley reported that the customer has a delivery subscription purchased, for which she has free delivery on the next day deliveries for the orders.
but while placing orders, she is still charged for next day delivery, or even the standard delivery.please check.
orderno: 0992826 
customerno: k8301239
website: fashion world
contact: 3567",INC0768271,customer charged for next day delivery
R,please can the delivery pass be removed from the attached staff accounts?thanks!,INC0768067,delivery pass needs removing on staff accounts orders supra dba req.
R,please can the delivery pass be removed from the attached staff accounts?thank you,INC0764626,delivery pass needs removing on staff accounts orders supra dba req
R,"cc:claire wrigley <claire.wrigley@nbrown.co.uk>
hi 

please can you remove the delivery pass from the following staff accounts, as they are not eligible to have this product.


h0500353
s2269811
a4243151
x7080185
i9879781
d6348484
z6275452
q0912991
thanks
anita coles - l450

proactive notificaiton team

team manager - claire wrigley",INC0762390,delivery pass
P,"issue: customer being charged for delivery, even when they have the delivery pass, have refunded the previous order but the new order has been placed and wanted to check before it comes through that delivery won't be charged. 
customer number:g1568370
website:simple be
order number: 9303015
ext: 3620",INC0760779,customer being charged for delivery
R,"pnt work requests
fri 29/11/2019 02:40 pm
hi

please can you cancel the delivery pass on the following accounts, as these are staff accounts and are not eligible for this product;

g7901072
q7573503
s0805353
h3582621
o3428892
a7928800

thanks for your help.

anita coles - l450

team manager  - claire wrigley

proactive notification team
",INC0759452,delivery pass
P,"short description: simon called in to report that the customer bought a delivery passage for 9 pounds but when she ordered she is not able to use that passage and whatever she is ordering the total amount includes the delivery charges as well which should not be applied once she has the delivery passage  
error : there is no delivery passage option showing on her payment page 
affected people:  1
order no.: 9373849
diagnosis :simon called in instantly once he analysed the whole scenario 
contact number: 3544
customerid : n6302564
website : jdwilliams 
date the customer bought the delivery passage  :10th november , 
placed order on : 22nd nov 
delivery date  : 23rd nov",INC0758972,customer bought delivery passage but still paying for the delivery
P,"rebecca connolly
wed 27/11/2019 01:05 pm
hello, i have a customer who purchased the delivery subscription on the 27th october.

this has not been activated and the customer is still being charged for delivery.

her customer account number is j8551415.

thanks

rebecca connolly

proactive notification team

",INC0758467,delivery subscription
P,"fault : sandra  called in to report that a customer bought a delivery subscription for standard delivery but still she is being charged every time for the delivery.below mentioned are all the ordes which are placed after she bought the subscription for free delivery.kindly check and refund the extra amount that she has been charged. 
customer number : d0345138
order  number :  8942149, 9030040, 9335621, 9522137
purchase date : 29th of september
contact : 3657, 3506",INC0758018,customer being charged for delivery.
P,"fault:- ana called in and reported an issue that one of her customer is already paid for free delivery subscriptions but customer still getting charged for delivery kindly assist
customer account number:- y9196549
ana contact:- 3544
websites:- jacamo
order number:- 89919370
",INC0754616,issue with delivery subscription
P,"fault : sabina khan called in to report that a customer has bought delivery subscription of standard delivery fr next day but still the customer is getting charged for the delivery.kindly assist.
purchase date : 10th of november, 2019
expiry date : 10th of november, 2020
customer number : f9377454
website :jacamo
contact : 3913",INC0754200,delivery subscription issue.
P,"orwa <olivia.orwa@nbrown.co.uk>
cc:claire wrigley <claire.wrigley@nbrown.co.uk>; lesley veevers <lesley.veevers@nbrown.co.uk>
q7788734
 
hi all,

please can you help me.the customer is not able to use the annual delivery pass purchased in april.please can you advise me whether this is active as the customer is having to still pay for her delivery charges.

kind regards
liv

olivia orwa
global customer care team

 

reception: +44 (0)161236 8256

 








manchester
www.nbrown.co.uk

 

 

n brown is a top 10 uk clothing & footwear digital retailer.our key retail brands are jd williams,simply be, jacamo and ambrose wilson.

 

",INC0754000,q7788734
P,"ann called in to report that one of the customer is unable to apply the delivery pass purchased on 18th january and valid for 1 year,when she trying to place the order the delivery pass feature doesn't work
delivery pass purchased for 995 pounds
customer number--k1081801
website--jdwilliams
contact number--3657",INC0753328,delivery pass error
P,customer took out del sub on 10.02.19 but is still being charged delivery.please resolve.,INC0753268,delivery sub - l0413477
P,hi customer is still getting charged for delivery even though she took pass out on 29.09.19.  if you could resolve please.  thanks peter,INC0752412,n2478023 - delivery pass
P,"fault : denise ford called in to report that a customer is trying to place an order through her account and she has purchased the delivery subscription for free delivery but whenever she tries to place an order it asks her to pay for delivery.
customer number : a9143198
date of purchase : 29th of september.
website :jd williams
contact : 3553",INC0751014,delivery subscription not working
P,"fiaz called in to report that a customer has purchased one year delivery subscription applied on mainframe , but still getting charges on every delivery .kindly assist
date of delivery pass applied: 27th july
customerno:p7958236
website: jdwilliams
contact no: 3913",INC0749923,customer being charged after having one year delivery subscription
P,"sefali called and reported that a customer purchased a free delivery subscription for an year for his account but he is still getting charges on every delivery.kindly check and assist.
amount paid for subscription: £9.95
customerno:u0735136
website:simply be
contact no: 3657
",INC0749486,customer purchase free delivery subscription but still getting delivery charges
P,"customer purchased 12 month delivery subscription rv139 17/02/19, still being charged for delivery.please can you activate free delivery.thanks!",INC0747691,"customer being charged for delivery, previously purchased delivery subscription."
R,please can the delivery subscription be removed from the attached staff accounts.thanks!,INC0746218,delivery pass needs removing on staff accounts supra dba req
R,please can the delivery pass be removed from the attached staff accounts?thanks!,INC0743416,delivery pass needs removing on staff accounts supra dba req
R,please can the delivery pass be removed from the attached staff accounts?thank you,INC0741508,delivery pass needs removing on staff accounts orders supra dba req
P,"glen reported that the customer purchased the free delivery pass in 12th may,2019but she is still being charged 3.50 pound for the orders.kindly assist. 
customerno: b7683499
website: jdwilliams
contact: 3544",INC0739888,customer charged for delivery
P,"short description: bernie  reported that the customer is getting charged even when she has free delivery subscription. 
errormessage:na
affected people:1
contact number:  3620
customer no- y3981889

website- jdwilliams",INC0739042,delivery subscription issue
P,"issue:customer is being charged for delivery even if they have delivery pass so kindly check and refund if it hadn't be refunded yet.
customer number: z0209915
website: jd williams
order number: 7401722
ext: 3602",INC0738820,customer is being charged for delivery even if they have delivery pass
P,"fault : piara begum called in to report that a customer has re-bought a delivery subscription which was bought on 15th of september but when she is trying to place order it is charging her  for he delivery.kindly check on it.
customer number  :s0715910
website : simply be
contact : 3829",INC0738800,charged for delivery.
E,"short description: unable to renew free delivery subscription
diagnosis (application session restarted before raising incidents) :customer unable to renew the free delivery subscription, and also unable to edit the address for the same.
contact number: 3913
customer:l1855482
website: jdwilliams",INC0736368,unable to renew free delivery subscription
R,please can the delivery pass be removed from the attached staff accounts.thank you!,INC0736135,delivery pass needs removing on staff accounts orders supra dba req
P,"p7228536
 
hi

the above customer can not add the delivery subscription to her account.  i have looked at the account today to remove any delivery subscription and currently there is none.previously in june, we have requested that this is activated and it has not been.please can you look into this and advise me further.

regards
lesley


lesley veevers
global customer care

 



",INC0734757,p7228536
R,hi please can the delivery pass be removed from the attached staff accounts?thank you!,INC0733776,delivery pass needs removing on staff accounts orders supra dba req.
P,"short description: delivery pass not applicable
diagnosis (application session restarted before raising incidents) : customer bought a delivery pass.but when buying anything, customer is still getting charged for delivery.kindly assist.
contact number: 3829
customer number: z7439325
delivery pass: rv139fn
website: jdwilliams",INC0732528,delivery pass not applicable
R,please can the delivery pass be removed from the attached staff accounts?thank you,INC0731358,delivery pass needs removing on staff accounts orders supra dba req
P,"fault:- stewart called in and reported that stewart wants to reinstated the delivery supplement on customer's account so that customer will not have to pay any delivery charges.kindly assist. 
customer account number:- c9455058
stewart's manager contact:- 3938
websites:- jd williams
",INC0730720,reinstated the delivery supplement
P,"short description: free delivery promo-code not applicable
errormessage: na
affected people: 1
diagnosis (application session restarted before raising incidents) : customer bought a free delivery promo-code on 14th july to make the delivery charges free of cost.but the delivery charges are still applicable.kindly assist.
contact number: 3603
customer number: t2546877
website: jdwilliams
promo code: rv139
promo code buy date: 14th of july",INC0729597,free delivery promo-code not applicable
P,"short description: delivery subscription not working
diagnosis: karen called in to report that  a delivery subscription is not working for a customer, the customer has delivery subscription of one yearbut she is  still getting charged for every order.please assist.  
customerid: f6892712
account: jdwillims
error message: na
affected people: 1
contact number: 3913",INC0729467,delivery subscription not working
P,"customer o6947626 purchased delivery aubscription rv139fm 28/07/19.she is still being charged deliver, please can you activate delivery subscription.thank you!",INC0729309,customer being charged for delivery
R,please can the delivery pass be removed from the attached staff accounts.thank you!,INC0729226,delivery pass needs removing on staff accounts orders supra dba req
P,"aida reported that the customer has a free delivery subscription which is valid for one year, but she is still being charged for each delivery of the orders.please check.
customerno: u1042533
date of buying subscription: 28th jan, 2019
website: simplybe
contact: 3913",INC0726289,customer charged for delivery of orders
P,"chris reported that the customer purchased a free delivery pass for 9.99 pounds, but every time she places an order it charges her for the delivery.
the advisors have to then refund the charged amount everytime.kindly look into it.
date of purchase: over 6 months now.
customer no: u9051790
website: simplybe
contact: 3592",INC0725967,customer charged even after free delivery pass
P,"customers number: q8800140
website: jd williams
issue: customer have already paid delivery pass on13 th august.it should 12 month free delivery.she placed prder on 15th august and was charged postage.she has refunded her but now
ext: 3603",INC0725451,customer paid for postage even after getting free delivery pass.
P,"sharon reported that one of the customer got a delivery pass for one year on 17th august but every time she's trying to place an order she's getting charged for it
customer number--s0114453
website--simplybe
",INC0725313,getting charged for delivery even with delivery pass
P,"short description: issue with delivery subscription
diagnosis: arron called in to report that for a customer her free delivery subscription is not working, she was getting charged for delivery so the team canceled it at their end to enable it again but it did not got cancelled at customers end and its not working as well.please assist. 
customerid: j7184614
account: jdwilliams
error message: na
affected people: 1
contact number: 3521
",INC0724161,issue with delivery subscription
P,"issue:sefali reported that a customer has a subscription of 1 year delivery that was purchased on 11 dec 2018 and the customer's last order was charged for delivery.please assist 

ext: 3657

customer name: sally webster
customer number:s1175008
accountwith: fashion world

order number: 1243454
order date: 24 april 2019",INC0721371,delivery charges being applied on order
R,please can the delivery pass be removed from the following staff accounts?thank you,INC0720196,delivery pass needs removing on staff accounts orders supra dba req
P,customer is still being charged for delivery even though she took the sub out on 17th feb 2019.  please resolve,INC0719746,o6858948 - delivery subscription
P,"issue: customer being charged for delivery despite having delivery pass
customer number: r6931329
website: fashion world
purchased delivery pass valid for 26th july 2019
order number: 5245286
ext: 3657",INC0719310,customer being charged for delivery despite having delivery pass
P,"issue:sefali reported that a customer bought a delivery pass & he is still being charged for delivery.please look into the issue
ext: 3657

delivery pass purchased on 18 jul 2019

customer number: x3261829
accountwith: fashion world

order number: 4688970
order number: 5163968",INC0719234,delivery charges being applied
P,"short description: delivery subscription not working.
fault: salama rossouw called in to report that a customer bought delivery subscription but whenever she is trying to order it is asking her to pay for the delivery charges.kindly check for it. 
errormessage: na
affected people: 1
",INC0718439,delivery subscription not working.
P,"
o3133721
 
hi, could you please check this account.customer has paid del supp, and is still being charged del on orders. 


please can you check if this has been activated. 


thank you


carol",INC0718333,delivery supp customer number o3133721
P,"short description:arron reported that a customer bought free delivery subscription for year in januarybut now she is getting delivery charges for every order . 
affected people :  1
contact number: 3643
customer no- z0202372

website- jdwilliams 
",INC0717983,getting charges for delivery
P,"issue: shamim called in to report that a customer is being charged for delivery even though he has delivery pass.kindly assist 
customer account number: k1866299
user contact: 3620
website: maristo 
order number: 5284359          
item number: wr005sv , bk361sv, fk289sv
order placing date: 5:10 am today",INC0717295,customer is being charged for delivery even though he has delivery pass
P,"issue:imran reported that a customer has subscription for free shipping purchased which on 9 april 2019.she is still is being charged for shipping on her orders.can you please look into the issue.
ext: 3620

customer name: mrs louise bodles
customer number:f7886061
accountwith: simply be",INC0715869,shipping charges being applied after subscription
P,"short description: delivery subscription code not working for customer.
fault:umar anwar called in to report that the customer purchased the subscription on 23rd of april for the delivery to be free.but every time she orders , her orders are being applied with the delivery charges.kindly check for it.umar also tried to place future orders for herbut still the charges is being applied on it.
errormessage: na
affected people: 1
manager contact number: 3620
customer number: f0533791
order number: 2719707
order placing date:
item number:rv139fg associated with the delivery subscription.
website: jd williams",INC0715017,delivery subscription code not working for customer.
P,"fault: zoe called in to report that a customer purchased delivery subscription on 20th june ,butwhen he ordered on  22 june, 23 june, 25 july everytime it is charging for delivery .kindly assist 

customer account number: z4291383
user contact: 3677
website: jd williams 

delivery subscription order number: 3496832  
delivery charged order number:     4803913
",INC0714285,customer getting charged for delivery even after buying delivery subscription
R,please can the delivery pass be removed from the attached staff accounts.thanks.,INC0713066,delivery pass needs removing on staff accounts. supra dba req.
R,please can the delivery pass be removed from the attached staff accounts?thanks!,INC0710531,delivery pass needs removing on staff accounts orders supra dba req
P,customer is still being charged delivery even though she took out delivery sub on 23.06.19.please resolve,INC0710281,y8816118 delivery pass
P,"arron reported that the customer purchased a delivery pass for 995 pounds on 30th june, which was valid for a year.
but after that when she placed the orders, every time a delivery charge was made on the order.

the delivery pass was then refunded to the customer by the advisor.but now the customer is trying to add the delivery pass again, it says she already has a delivery pass added.please assist.

customerno: z0930725
customer name: miss tracy smith
website: jdwilliams
contact: 3521",INC0709599,customer unable to add delivery pass to account.
P,cust keeps getting charged del even though she took out pass on 7.4.19.please resolve for cust,INC0709078,p6338963 - delivery pass
P,customer took out pass on 22.09.18 but is still being charged delivery.  please resolve for cust,INC0709013,d8905441 - delivery pass
R,please can the delivery pass be removed from the attached staff accounts?thanks!,INC0708527,delivery pass needs removing on staff accounts orders supra dba req.
P,"customer purchased delivery subscription 19/04/19, still being charged for delivery.please activate delivery subscription on account c6382294,thanks!",INC0707389,delivery subscription not active.
P,"short description: free delivery subscription not working.
diagnosis: sefali called in to report that the free delivery subscription is not working for the customer, the customer has 1 year free delivery subscriptionbut she is still getting charged for it.please assist. 
customerid: f6964331
account: jdwilliams
error message: na
affected people: 1
contact number: 3643",INC0707220,free delivery subscription not working
P,"customer purchased annual delivery subscription 03/02/19 on account j2548311, still being charged for delivery.please activate delivery subscription.thanks!",INC0706882,delivery subscription not active.
P,"sefali called and reported that a customer added delivery pass offer on 4th nov, 2018 which is valid for 1 year, but he is still getting charged for delivery on any order.kindly assist.
customer no;  a0207133
customer name: julian bell-robert
website:jacamo
contactno: 3617 (manager's)",INC0706806,delievry pass is not getting applied
R,please can the delivery pass be removed from the attached staff accounts?thanks!,INC0706029,deliver pass needs removing on staff accounts orders supra dba req
P,"issue: justin called and reported that a customer has delivery supplements that was added on 24th march but still being charged for delivery.wants to get checked why she is being charged.
customer number:q4086738
website: jd williams
",INC0704591,customer charged for delivery after getting delivery supplements
R,please can the delivery pass be removed from the attached staff accounts?thanks!,INC0703813,delivery pass needs removing on staff accounts orders supra dba req.
R,please can the delivery pass be removed from the attached staff accounts?thanks!,INC0701508,delivery pass needs removing on staff accounts orders supra dba req
P,"please can you activate the delivery subscription on account n4113654, customer still being charged for delivery.thanks!",INC0700707,delivery subscription not active.
R,please can the delivery pss be removed from the attached staff accounts?thanks!,INC0699015,delivery pass needs removing on staff accounts orders supra dba req
P,"short description: customer free delivery subscription not working
diagnosis: roger called in to report that a customer has free delivery subsription for her two accounts jdwilliams and simplybe and still she is being charged for the delivery.please assist.
customerid: y9417469- simplybe
                      g8721450- jdwilliams
customer name: karen wilson
error message: na
affected people: 1
contact number: 3913",INC0697308,customer free delivery subscription not working
R,please can the delivery pass be removed from the  attached staff accounts?thanks!,INC0696757,delivery pass needs removing on staff accounts orders supra dba req
R,please can the delivery pass be removed from the attached staff accounts?thanks!,INC0692735,delivery pass needs removing on staff accounts orders supra dba req.
P,"please can you activate annual delivery pass on accounts0609159.customer still being charged for delivery, rv139 purchased 05/12/2018.thank you! 
",INC0691642,annual delivery pass not active.
P,"please can you activate annual delivery pass on account k2126227, purchased 14/04/2019.customer still being charged for delivery.thanks!
                                              ",INC0690385,annual delivery pass not active on account.
R,"
a4241648
 
hi


this is a new staff account.


it is showing as free delivery.


can this be removed please.


thanks

chris",INC0690294,a4241648
R,please can the delivery pass be removed from the attached staff accounts?thanks!,INC0688465,delivery pass needs removing on staff accounts supra dba req
P,please can you ensure the annual delivery pass rv139fg ordered 06.01.19 is fully active on accountu7989543.customer still being charged for delivery?thanks!,INC0687908,annual delivery pass service not active on account.
P,delivery pass was taken out on 19.11.18 but customer is still being charged delivery.  please rectify pjj475,INC0687063,delivery pass - s6962411
P,"cc: claire wrigley
re; f9110073/ delivery sub not working
 
hi,


please can you check this customers annual delivery subscription as they are still being charged delivery.- purchased 20/01/2018.


kind regards

liv






oliviaorwa | global customer care | nbrown

www.nbrown.co.uk


",INC0686661,f9110073/ delivery sub not working
R,please can you cancel the annual delivery subscription on account f1205526.thanks!,INC0685865,customer request annual delivery pass cancellation.
P,"
cc: claire wrigley
hi,


the delivery subscription isn't active as it is charging the customer when he is placing the order.


please can you look into this for me, i tried to cancel this and get him to add it to his account but it is still showing active.


regards

liv


oliviaorwa | global customer care | nbrown

www.nbrown.co.uk


",INC0684861,delivery subscription
R,please can you remove the delivery pass from the attached staff accounts?thank you!,INC0684243,delivery pass needs removing on staff accounts supra dba req
R,"hi 


can you please remove the delivery pass on the following account, as staff accounts are not eligible for this product.


a4252100


thanks

anita coles l450


team manager 

claire wrigley
",INC0682068,yearly delivery pass
P,"glen edwards called in that he has some subscription issue .
customer account number: p8484252
 customer name:    bara aummer 
  user contact:   3603   
 website:   ambrose wilson  ",INC0681626,websites - issues
P,"fault:- sefali called in and reported that her customer margaret purchased delivery pass in nov 2018 so she will get free delivery till nov 2019 but whenever margaret placing any order it costs her delivery charges.
customer account number:- g8709490
customer name:- margaret hilton
",INC0681255,issue with delivery charges
P,"short description:marie reported that the customer has purchased the delivery supplement but every time she orders its still charging her 6.50 pound.kindly assist. 
errormessage: na
affected people:1
contact number: 3553
customer no- k5215876

website- jdwilliams
",INC0680924,getting charged for delivery
P,"short description: delivery charges being charged even after purchasing the subscription. 
fault:sandra hill called in to report that a customer has bought the delivery subscription pass but still she is being charged for the delivery.customrer has purchased the delivery subscription on 17th of february and since then she is being charged.kindly check on it. 
errormessage: na
affected people: 1
manager contact number: 3553, 3913.
customer number:h3021610
customer name: lynda busby
order number: 9351253, 0203284, 0296015, 0800560
website: jdwillimas",INC0680511,delivery charges being charged even after purchasing the subscription.
P,customer took out delivery subscription on 24.0319 but is still being charged delivery.  please resolve.,INC0679128,j4849299 - delivery subscription
P,customer took out delivery sub on 3rd feb 2019 yet is still being charged for delivery.  please resolve,INC0679084,d9615281 - delivery subscription
R,"hi 


can you please remove the delivery passes from the following accounts, as staff are not eligible for this on their accounts:


a4252783
d6455579
n8554386
h3583052
h3586104
a4244252
a4241811
q0914740
h1845169
o6374787
h1838063
a4242513
x7271579
r8878740
i1684342


thanks

anita coles  - l450


team manager - claire wrigley
",INC0678709,staff delivery passes
P,"fault: monika called in to report that a customer has purchased delivery pass on 9 march order no- 9610285 but still she has been charged for delivery for order no - 0585457 on 6 april.kindly assist

customer account number:j5815684
customer name: ms. bridget stroud
user contact: 3913
website: fashion world
order number: on 6 april 0585457 charged her for  delivery          
",INC0678481,customer charged for delivery whereas she has delivery pass
P,"short description: delivery charge taken from customer even after having subscription. 
fault: sandra hill  called in to report that a customer purchased the delivery subscription on 9th of december but still after that she is getting charged for all the orders she is purchasing.kindly check on it. 
errormessage: na
affected people: 1
manager contact number: 3553
customer number: z9218395
customer name: catherine russ
order number: 6561768, 6580716, 6672030, 7001880, 7002259, 7706800, 8657244, 8670465, 9228799, 9736330, 9736331, 9817748, 0345189, 0430614.
website: jdwilliams",INC0676846,delivery charge taken from customer even after having subscription.
P,"short description: charged for delivery even after delivery pass purchased
issue:monika called to report a customer's issue as she purchased delivery pass on 24 march and was charged for the order placed on 29th march.monika said that she has been refunded for that delivery charge but she wants to make sure this doesn't happen again in future.kindly check.
customer number:i2065194
customer name: barbara mee
website: jd williams
order number: 0317701
ext: 3913",INC0676211,charged for delivery even after delivery pass purchased
P,"hi, 


please can you look into the following delivery sub offer for this customer g6691908.they purchased it 02/02/2019and it is not working. 



they had one on the account beforeand it was due to expireso this is the new purchase for the year. 







thank you

angela nixon 384a

team manager; claire wriggley ext 3651





",INC0675615,delivery sub offer
P,customer took delivery sub out on 16/12/18 yet is still being charged delivery on every order.  please resolve for customer.,INC0674542,delivery subscription - f6552545
P,"issue:sefali reported that a customer bought delivery pass for a year and the customer is still being charged for delivery.please assist.
error: n/a
ext: 3657

customer:n9892963
customer name: suzanne hanrahan
accountwith: simply be uk
delivery pass purchased on : 19 dec 2018",INC0673440,being charged for delivery
P,customer took this out on 6.01.19 but is still being charged delivery.  please investigate,INC0673435,delivery subscription - p8635459
P,"subject: delivery pass - simply be - not working 
 



re del sub not working




accountno: t9440400

itemno: rv139sh delivery sub

purchased date: 09/12/18




hello




please can you have a look at accountno t9440400, the customers delivery pass is not deducting the delivery charge.




the customer has the yearly delivery pass.






regards




ahmed hussain

proactive notification team

citrix id: 236123

managers name: claire wrigley

",INC0671593,delivery pass - simply be - not working
P,"cc: claire wrigley
hi all,




please can you check this customers delivery pass, it is on the accountbut she is still being charged.shalli remove this and ask the customer

to add it again?




thanks

liv




 

oliviaorwa | global customer care | nbrown




www.nbrown.co.uk




",INC0671530,delivery pass t5571032
R,please can the delivery pass be removed from the attached staff accounts?thanks!,INC0671493,delivery pass needs removing on staff accounts orders supra dba req
P,"subject: delivery pass not working purchase date: 09/12/2018
 

hello 


re: delivery pass not working


accountno:b2656956

itemno:rv139fg delivery sub

purchase date: 09/12/2018


please can you look into the b2656956  customers account, the delivery pass is not working.


regards

ahmed hussain
proactive notification team
citrix id: 236123
managers name: claire wrigley
",INC0670930,delivery pass not working purchase date: 09/12/2018
P,"please can you activate the delivery subscription on accounti6609177 pass purchased 28/06/2018 rv139, customer still being charged for delivery.thanks!",INC0670460,delivery subscription not active.
R,please can the delivery pass be removed from the attached staff accounts?thank you!,INC0669368,delivery pass needs removing on staff accounts orders supra dba req
P,customer took del sub out on 30.12.18 but is still being charged delivery on every order.  please advise.,INC0668255,s1704660 - delivery subscription
P,"hello


accountno:u2561511

itemno:rv139fg delivery sub

purchase date: 10/12/2018


customer is being charged for the deliveries when it should be free.


please can you look in tot his and apply a fix.


regards

ahmed hussain
proactive notification team
citrix id: 236123
managers name: claire wrigley
",INC0668003,"delivery pass purchased 10-12-2018, not working  "
P,customer took out delivery sub on 25.09.18 but is still being charged delivery.  please rectify this.,INC0667873,q8845970
R,please can the delivery pass be removed from the attached staff accounts?thanks!,INC0667087,delivery pass needs removing on staff accounts orders supra dba req
P,"customer j3869833 purchased delivery subscription rv139, 17/02/19, customer still being charged for delivery.please activate subscription service on account.thank you!",INC0666414,annual delivery subscription not applied to account.
P,"recent delivery sub not working
 
re:del sub not working


customerno:w6962114

itemno:rv139 02 sq delivery sub 4.95

purchase date: 03/02/19



hellothis customers delivery sub is not working, they are still being charged delivery charges.



please can you look into this and apply a fix.




regards

ahmed hussain
proactive notification team
citrix id: 236123
managers name: claire wrigley
",INC0664778,recent delivery sub not working
P,cust took out sub on 23.12.18 but is still being charged.  please advise,INC0664296,delivery subscription - t5822815
P,"customer number: q9946469
customer : alan wlkin
website: jd williams
issue: he has paid 9 pounds 95 pens on 27th january for free delivery and is still being charged for delivery.
ext: 3603
",INC0662893,being charged for delivery
R,please can the delivery pass be removed from the attached staff accounts?thank you!,INC0662169,delivery pass needs removing on staff accounts orders supra dba req
P,"
hi, 


customer k1960870 - has had the delivery pass on their account since november. 


this was purchased 2 times  and one has been removed since.however since this has happened the customer is no longer getting this offer on their account and is being charged for the deliveries. 


please can you apply this offer to the customers account. 


many thanks

angela nixon 384a

team manager claire wirggley ext 3651
",INC0662137,delivery sub offer
P,"short description: delivery subscription not working for a customer 
diagnosis : roger called in to report that a customer opt for a delivery subscription but its not working for her.please assist.
customerid: t2011148
customer name: eline baker
website: jdwilliams
error message: na
affected people: 1
contact number : 3913",INC0660504,delivery subscription not working for a customer
P,"hi


please can you look at account numberi9389200, this customer purchased the delivery pass online on the 14th november and she keeps getting charged delivery on all her orders.


thanks

anita coles l450
",INC0659973,delivery pass
P,"customer number a5403715 bought the free p&p delivery subscription and should receive free delivery.  on acus it doesn't look like the customer is receiving free delivery although the row is on t_dlvy_chrg_promo.  please can you correct on acus to give the customer free delivery

thanjs",INC0659949,customer not getting free p&p.
P,"short description-customer has already paid for pass for free delivery but then too delivery charges are adding in every order
customer id-q3025221
customer name-naureen hodge
contact number-3553
website name- jd williams
order number- 8494703",INC0659177,delivery charge issue
P,"
description: shamim called in reporting that a customer has purchased the delivery subscriptionbut she is still getting charged for delivery on every order. 
errormessage:na
affected people: 1
contact number: 3806

customer no- j7524286
website- jdwilliams

",INC0658075,getting charged for delivery
P,customer renewed this on 02.12.18 but is still being charged delivery.  please resolve.,INC0657808,y8724197 - delivery pass subscription
P,"short description: suscription 995 not working in customers account.
fault:ryan palmer called in to report that a customer had purchased delivery subscription 995 for his account but it doesn't seem to be working and everytime he has to pay for the delivery.kindly check on it.
errormessage: na
affected people: 1
manager contact number: 3806
customer number:w2043029
customer name: mr. michael johnson
example order number: 8105924
order placingdate:24th of january
website:premier man
",INC0654630,suscription 995 not working in customers account.
P,customer is still being charged delivery after taking delivery sub out march 2018.  please rectify.,INC0651273,u8019645 - delivery subscription 04.03.18
P,customer is still being charged delivery after taking taking out subscription on 4th march 2018.  please add to account.,INC0650529,delivery pass not active - b8501412
R,please can the delivery pass be removed from the attached staff accounts?thank you!,INC0649920,delivery pass needs removing from staff accounts orders supra dba req
O,please can you add the unlimited annual delivery pass on customers account.,INC0649748,delivery pass - w4986000
P,"hello


re: accountno:j6940091

06jan   rv 139 fg delivery sub 9.95


the customers account shows the delivery pass has been purchased but the delivery charge is still being charged.


please can you look into this and advice.


regards


ahmed hussain
proactive notification team
citrix id: 236123
managers name: claire wrigley
",INC0649271,delivery sub not working on this account
P,"short description : customer is getting charge for delivery
fault :roger reported that customer is having delivery subscription but still she is getting charged from last three months for every order

customer details : 
s3889355
sue smallwood
jdwilliams

contact : 3913",INC0648889,customer is getting charge for delivery
P,"please activate annual delivery pass on account s0798227, purchased august 2018 customer still being charged delivery.thank you!",INC0648816,delivery subscription not working
P,"please can you apply the annual delivery subscription is activated on this customers account b3077560, purchased 28/10/18 still being charged for delivery. 
thank you!",INC0648133,delivery pass not applied to customers account.
P,customer is still incurring delivery charges on her orders after taking out delivery pass,INC0647558,s8550634 - still being charged del charge after renewing pass on 16.12.18
P,"hello service line

please can you look into the cancel the following account the delivery sub is not working.

customerno:u9285669
itemno: rv 139 fg delivery sub
purchase date: 23/08/2018

please if you could reply back and keep us up to date.

regards

ahmed hussain
proactive notification team
citrix id: 236123
managers name: claire wrigley
",INC0647183,pnt work requests
P,customer purchased delivery pass on 12th september 2018 but is still being charged for delivery.,INC0646500,customer w3324382 is still being charged for delivery even though she has taken
P,"
subject: delivery pass not working for the customer
 
hello service line


re: 

customerno:u1416137

del pass item:rv139 delivery sub offer

purchased date: 11/03/2008 


the above customer is being charged for the delivery, they have a delivery pass.

please can you look into this, customer has a screenshot showing the delivery pass is active until march 2019.

regards

ahmed hussain
proactive notification team
citrix id: 236123
managers name: joanne downham clarke
",INC0644793,delivery pass not working for the customer
P,"short description: customer being charged for delivery even after having delivery passes.
errormessage: na
diagnosis :tricia louise called in to report that a customer has got annual deliver passes which is having the next day delivery option but whenever she purchases any item and apply those passes, she is been charged everytime.one of her order's delivery charges has been removed but for every other orders she is being charged.even after applying the passes.kindly check on it.
customer account:s1287497
customer name: jade large
website: simply be
contact: 3806",INC0644153,customer being charged for delivery even after having delivery passes.
P,"please can the delivery pass be reactivated on accountw4873014 customer being charged for delivery and purchased the pass in 03.07.18.thank you ! 
",INC0641792,annual delivery pass not working.
R,please can the delivery pass be removed from the attached staff accounts?thanks!,INC0636559,delivery pass needs removing on staff accounts orders supra dba req.
P,"short description- customer got delivery offer of  9 pounds 95 pence  for free delivery but she is sill charged for delivery
customer id-h6527165
customer name- susan whitaker
website name- simply be
contact number-3553
",INC0636515,customer got delivery offer of  9 pounds 95 pence  for free delivery but she is
P,"short description: customer delivery charges issue.
fault: laura called in to report that a customer purchased a delivery pass on july 26, 2018.she paid 9.95 pounds for no delivery charges for the next 6 months, but the customer is still getting delivery charges on every order she places and it has to be removed manually every time.kindly assist.
errormessage: na
affected people: 1
manager contact number: 3553
customer number:f6301881
customer name: mrs. marilyn stewart
application through which user does the job(eg mainframe): mainframe
website: fashion world",INC0636146,customer delivery charges issue.
P,"description: mohammed reported that a customer has bought  the delivery subscription offer but he is still getting charged for the delivery. 

error message:na

affected people: 1

contact number:3620

customer no-u0594231

customer name-mr. steve kiddy

website- jacamo 
",INC0632660,bought  the delivery subscription offer but he is still getting charged for the
R,t0514848please can you remove the annual delivery pass service on this account?thank you!,INC0630640,customer request delivery pass cancellation.
R,please can the delivery pass be removed from the attached staff accounts?thanks!,INC0628447,delivery pass needs removing on staff accounts orders supra dba req.
R,p4959903 - please can you remove the annual delivery service from customers account?thanks!,INC0628144,annual delivery pass cancellation
P,"description:devesha reported that a customer picked the unlimited free delivery but still getting charged for delivery.kindly assist. 
errormessage:na
affected people: 1
contact number:3806
customer picked up a unlimited free delivery for a year , 
customer -y6237264
website- jdwilliams,",INC0626368,free delivery getting charged
R,please can the delivery pass be removed from the attached staff accounts?thanks!,INC0626146,delivery pass needs removing on staff accounts orders supra dba req
R,t9509359 - please can you remove the delivery subscription from this account?thank you !,INC0625595,delivery pass cancellation
R,"y4176898 - please can you remove annual delivery service.thanks!  
",INC0624883,delivery pass cancellation
R,r2940056- please can you remove the annual delivery pass service from customers account ?thank you.,INC0624810,delivery pass cancellation.
O,"short description-the payment 34.95 is made by customer butno order showing on jacamo's team side,there is no order showing on jacamo's team side
customer id-p4675824
customer  name-natalie woodier
website- jacamo
contact number-3553


",INC0623873,the payment 34.95 is made by customer but no order showing on jacamo's team side
P,"short description-purchased delivery pass in march 2018 but still getting charged for delivery, every time places an order
customer id-l8825607
customer name-martin kyte
contact number-3594
website: jacamo",INC0623582,"purchased delivery pass in march 2018 but still getting charged for delivery, ev"
R,please can the delivery pass be removed from the attached staff accounts?thank you.,INC0623530,delivery pass needs removing on staff accounts orders supra dba req
R,s1259052 - please can the delivery subscription service be removed?thanks!,INC0622781,delivery pass cancellation
P,q7678428 - please can you activate the delivery pass on customers account?thank you!,INC0622780,delivery subscription not working
R,a8468268 - please can the delivery subscription be removed from account?thanks!,INC0622283,delivery pass cancellation
R,u9700616 - please can you remove the delivery subscription from account?thank you!,INC0622277,delivery subscription needs removing.
P,"short description: customer geeting charged even after purchasing the subsciption.
errormessage: na
diagnosis :dawn holberry called in to report that a customer has taken a subscription of free posting for 12 months, still when she is ordering any item then she is being charged for it.kindly assist.
customer account:r8633388
customer name: mrs. haylock 
website:marisota
contact: 3603",INC0622232,customer geeting charged even after purchasing the subsciption.
R,t3960210 - please can you remove the delivery subscription service from this account?thanks!,INC0622190,customer wishes to cancel annual delivery
P,"can we raise an incident for oc-pss

customer s0235197 purchased the delivery subscription on 09.08.18, when the customer is placing her order it is charging her the standard delivery and isn't showing on mainframeshe has free delivery.

the order placed on 9th august for the delivery subscription and 1 item (paid by card)

 

expectated behaviour is all delivery is free

 

chris adams
lead product manager - digital cx product development team

 

 

",INC0620620,customer being charged for standard delivery - with active delivery subscription
P,"delivery suboffer - customer still being charged for the delivery
 

re:

customer number: w6974171
rv139 delivery sub offer
date purchased: 04/12/2017
 size  colour deloffer parcel

the customer is still being charged for the delivery charges.please can you look into this as we are manually refunding charges and there is nothing on the account diary of the account as why is this offer is not working.

please can you look into this amened the accountso the offer of delivery pass works.

regards


ahmed hussain
pnt advisor

 

",INC0618184,delivery sub offer - customer still being charged for the delivery
R,please can you remove the delivery pass from the attached staff accounts?thanks!,INC0616915,delivery pass needs removing on staff accounts orders supra dba reeq
P,"short description: unable to take free delivery option
diagnosis: sandra called and reported that a customer selected the free delivery options but still is charged f 995 pounds  for delivery.there is free delivery available for an yearbut she is instead being charged for both of accounts in simply be and jd williams.kindly check

customer number(simply be): w1269383
customer number(jd williams): p0544915

customer's name: ms. sarah burke

website:simply be and jd williams
ext number: 3553",INC0614851,unable to take free delivery option
P,"joanne reported that the customer has a 12 months subscription for free delivery.but every time she places an order she gets charged for the delivery.kindly check.
customerno: f9597724
customer name: mrs susan edwards
website: jd williams
contact: 3525",INC0613472,customer charged for delivery wrongly.
R,please can the delivery pass be removed from the attached staff accounts?thank you!,INC0612636,delivery pass needs removing on staff accounts supra dba req
R,please can the delivery pass be removed from the attached staff accounts?thanks!,INC0608563,delivery pass needs removing on staff accounts orders supra dba req
P,"short description : delivery pass hasn't been applied to customer's account
fault :jean reported that customer has applied for delivery pass on 4th septemberbut it hasn't been applied to her account since then, kindly assist

customer details : 
s4742401
mrs helen mellor
ambrose wilson

contact : 3594",INC0608490,delivery pass hasn't been applied to customer's account
P,customer h0833914 took out unlimited prepaid delivery on 14.07.18 but is still being charged £3.50 delivery on every order.  please resolve.  thanks,INC0607626,customer is still being charged delivery after purchasing pass
P,hello customer f3294771 is still being charged delivery on her orders even though she bought the delivery pass last november 2017.  please resolve.,INC0607337,being charged delivery when bought delivery pass
R,please remove annual delivery pass promotion from account f2950568.thanks!,INC0604673,annual delivery pass needs cancelling.
P,"hi, the customer number is g0732544.she's subscribed to the delivery pass, however is still continuing to be charged a standard delivery fee.please can this be looked into?",INC0603559,delivery pass
R,please can the delivery pass be removed from the attached staff account?thanks!,INC0603012,delivery pass needs removing on staff accounts orders supra dba req
R,please can the the delivery pass be removed from the attached staff account?thanks!,INC0601197,delivery pass needs removing on staff accounts orders supra dba req
R,please can you cancel the annual delivery pass on this account l9592833?thanks!,INC0597850,customer wants to cancel delivery pass.
P,"please apply delivery pass to account t5145995,purchased 08.07.18.thanks!",INC0595802,annual delivery pass not working
R,please can the delivery pass be removed from the attached staff accounts?thanks!,INC0595677,delivery pass need removing on staff accounts orders supra dba req.
P,"please activate annual delivery pass on accountn2605569, not working.thanks!",INC0594852,annual delivery pass not working.
O,please cancel annual delivery pass on accounty0918572.please can you also cancel direct dispatch order mx548fh in circulating.thanks!,INC0594713,annual delivery pass cancellation.
R,please can the delivery pass be removed from the attached staff accounts.thank you!,INC0594204,delivery pass needs removing from staff accounts supra dba req
R,please can the delivery pass be removed from the attached staff accounts.thank you !,INC0587203,delivery pass needs removing from staff accounts supra dba req
R,please can the delivery pass be removed from the attached staff accounts?thanks!,INC0584945,delivery pass needs removing on staff accounts orders supra dba req
P,"please can you reactivate annual delivery pass on customersaccounti2054279,thank you.",INC0584110,annual delivery pass not working
R,hi please can you remove the delivery pass from the attached staff accounts?thanks !,INC0582212,delivery pass needs removing on staff accounts orders supra dba req
R,"please can the delivery pass be removed from the attached staff accounts,thanks!",INC0579360,delivery pass needs removing on staff accounts orders supra dba req
P,"issue:selina reported that one of the customer is being charged for shipping even after he has opted for free shipping for a year in the beginning of june.please assist in the issue.
error: n/a
ext:3643

customer number: t6412525
customer name: allen heeps
opted pass for a year for 9.95 pounds.",INC0578971,being charged for shipping wrongly
R,please remove annual delivery pass from account k0937830.thanks,INC0578947,remove delivery pass
P,please can you apply the annual delivery pass on the attached customers account?thank you!,INC0577874,customer unable to apply delivery pass.
R,"please can the delivery pass be removed from the attached staff accounts,thanks!",INC0577679,delivery pass needs removing on staff accounts orders supra dba req
R,please can the delivery pass be removed from the attached staff accounts?thanks!,INC0572706,delivery pass needs removing on staff accounts orders supra dba req
R,please can the delivery pass be removed from the attached staff accounts?thanks!,INC0567503,delivery pass needs removing on staff accounts orders supra dba req
R,please can you remove the delivery pass from the attached marisota account.thanks!,INC0566569,annual delivery pass needs removing on marisota account supr dba req
R,please can the delivery pass be removed from the attached staff accounts.thank you!,INC0561586,delivery pass needs removing on staff accounts orders supra dba req
R,please can the delivery pass be removed from the attached staff accounts?thanks!,INC0558886,delivery pass needs removing on staff accounts orders supra dba req
R,please can the delivery pass be removed from the attached staff accounts?thanks!,INC0554282,delivery pass needs removing on staff accounts orders supra dba req
R,please can you remove the delivery pass from the attached staff accounts ?thank you.,INC0551436,delivery pass needs removing on staff accounts orders supra dba req
R,please can the annual delivery pass be removed from the attatched staff accounts?thank you!,INC0549333,delivery pass needs removing on staff accounts order supra dba req
R,please can you remove the delivery pass from the attached staff accounts.many thanks!,INC0544192,delivery pass needs removing from staff accounts orders supra dba req
R,"please can you remove the annual delivery pass from the attached staff accounts,thanks!",INC0537440,delivery pass needs removing on staff accounts orders supra dba req
R,please can the delivery pass be removed from the attached staff accounts.,INC0534280,delivery pass needs removing on  staff accounts orders supra dba req
R,"hi the delivery passes need removing from these staff accounts.this is still being added to staff accounts for £0.01,pleasecan you remove this.thank you!",INC0532119,delivery pass needs removing on staff accounts orders supra dba req
R,"carainne0079528 keith ingle
 

hi guys

 

can you remove ""staff account ""status and entitlements on this account as keith is

no longer works for oxendales eire.

 

kind regards

amanda doyle

team manager

ext: 8705

oxendales & co. ltd

 
",INC0529468,e0079528 keith ingle
R,please can you remove the annual delivery pass from these staff accounts.please can you also check there is no issue with the pricing of the delivery pass on the normal accounts.,INC0528972,annual delivery pass being charged on staff accounts  at £0.01
R,please can the delivery pass be removed from the attached staff accounts?thank you,INC0524983,delivery pass needs removing on staff accounts orders supra dba req
O,"short description:need to remove promo code - ov139sq
fault:n/a 
errormessage:n/a
affected people:1
diagnosis (application session restarted before raising incidents) : brenda need to remove the promo code from the staff account mentioned below:-

account # x7079977
promo code # ov139sq
last date applied : 24-nov-2017

contact number:3791",INC0522565,need to remove promo code -      db2 dba request
R,please can the delivery pass be removed from the attached staff accounts?thank you.,INC0511076,delivery passes needs removing from staff account orders supra dba req
R,please can the delivery pass be removed from the attached staff accounts?thank you.,INC0505435,delivery pass needs removing on staff accounts orders supra dba req
P,"gary levine <gary.levine@teleperformance.com>catherine.mccusker@teleperformance.comhi

customer has paid for the following:

12jul   rv 139 cm delivery sub of (cc)    £9.95  

customer is now incurring delivery charge of £3.99 per order when it should be free.how can we reinstate the offer of free unlimited next day delivery?

thank you


gary levine
jd williams blended service
",INC0503771,mrs jacqueline ralston          t6409483
R,please remove delivery pass from all staff accounts on the attached spreadsheet.thank you.,INC0496369,delivery pass needs removing on staff accounts orders supra dba req
R,delivery pass purchased on staff accounts needs removing please.attached spreadsheet with the updated list of accounts.thank you.,INC0493290,priority 1 - delivery pass needs removing on staff accounts orders supra dba req
